"1stRepresentative_ASV","Kingdom","Phylum","Class","Order","Family","Genus","Species","CommonName","Species.CommonName"
"ASV_1_a","Eukaryota","Chordata","Actinopteri","Clupeiformes","Clupeidae","Brevoortia","Unknown Brevoortia (Genus)","Menhaden","Brevoortia sp. (Menhaden)"
"ASV_3_a","Eukaryota","Chordata","Actinopteri","Sciaenidae__o","Sciaenidae","Leiostomus","Leiostomus xanthurus","Spot","Leiostomus xanthurus (Spot)"
"ASV_5_a","Eukaryota","Chordata","Actinopteri","Perciformes","Serranidae","Centropristis","Centropristis striata","Black seabass","Centropristis striata (Black seabass)"
"ASV_6_a","Eukaryota","Chordata","Actinopteri","Cyprinodontiformes","Fundulidae","Fundulus","Fundulus heteroclitus","Mummichog","Fundulus heteroclitus (Mummichog)"
"ASV_7_a","Eukaryota","Chordata","Actinopteri","Scombriformes","Unknown Scombriformes (Order)","Unknown Scombriformes (Order)","Unknown Scombriformes (Order)","Scombriformes","Scombriformes"
"ASV_8_a","Eukaryota","Chordata","Actinopteri","Pleuronectiformes","Pleuronectidae","Pseudopleuronectes","Unknown Pseudopleuronectes (Genus)","Righteye flounders","Pseudopleuronectes sp. (Righteye flounders)"
"ASV_9_a","Eukaryota","Chordata","Actinopteri","Pleuronectiformes","Paralichthyidae","Paralichthys","Unknown Paralichthys (Genus)","Large-tooth flounders","Paralichthys (Large-tooth flounders)"
"ASV_10_a","Eukaryota","Chordata","Actinopteri","Cyprinodontiformes","Cyprinodontidae","Cyprinodon","Cyprinodon variegatus","Sheepshead minnow","Cyprinodon variegatus (Sheepshead minnow)"
"ASV_13_a","Eukaryota","Chordata","Actinopteri","Gobiiformes","Gobiidae","Gobiosoma","Gobiosoma bosc","Naked goby","Gobiosoma bosc (Naked goby)"
"ASV_16_a","Eukaryota","Chordata","Actinopteri","Sciaenidae__o","Sciaenidae","Cynoscion","Cynoscion regalis","Weakfish","Cynoscion regalis (Weakfish)"
"ASV_21_a","Eukaryota","Chordata","Actinopteri","Tetraodontiformes","Monacanthidae","Aluterus","Aluterus heudelotii","Dotterel filefish","Aluterus heudelotii (Dotterel filefish)"
"ASV_24_a","Eukaryota","Chordata","Actinopteri","Carangiformes","Carangidae","Selene","Selene setapinnis","Atlantic moonfish","Selene setapinnis (Atlantic moonfish)"
"ASV_25_a","Eukaryota","Chordata","Actinopteri","Cyprinodontiformes","Fundulidae","Fundulus","Unknown Fundulus (Genus)","Fundulus sp.","Fundulus sp."
"ASV_26_a","Eukaryota","Chordata","Actinopteri","Tetraodontiformes","Tetraodontidae","Sphoeroides","Sphoeroides maculatus","Northern puffer","Sphoeroides maculatus (Northern puffer)"
"ASV_27_a","Eukaryota","Chordata","Actinopteri","Gobiiformes","Gobiidae","Gobiosoma","Gobiosoma ginsburgi","Seaboard goby","Gobiosoma ginsburgi (Seaboard goby)"
"ASV_30_a","Eukaryota","Chordata","Actinopteri","Anguilliformes","Anguillidae","Anguilla","Anguilla rostrata","American eel","Anguilla rostrata (American eel)"
"ASV_31_a","Eukaryota","Chordata","Actinopteri","Priacanthiformes","Priacanthidae","Pristigenys","Unknown Pristigenys (Genus)","Pristigenys","Pristigenys"
"ASV_35_a","Eukaryota","Chordata","Actinopteri","Clupeiformes","Engraulidae","Anchoa","Anchoa hepsetus","Broad-striped anchovy","Anchoa hepsetus (Broad-striped anchovy)"
"ASV_37_a","Eukaryota","Chordata","Actinopteri","Atheriniformes","Atherinopsidae","Membras","Membras martinica","Rough silverside","Membras martinica (Rough silverside)"
"ASV_38_a","Eukaryota","Chordata","Actinopteri","Sciaenidae__o","Sciaenidae","Menticirrhus","Menticirrhus saxatilis","Northern kingfish","Menticirrhus saxatilis (Northern kingfish)"
"ASV_47_a","Eukaryota","Chordata","Actinopteri","Clupeiformes","Clupeidae","Unknown Clupeidae (Family)","Unknown Clupeidae (Family)","Clupeidae","Clupeidae"
"ASV_52_a","Eukaryota","Chordata","Actinopteri","Pleuronectiformes","Achiridae","Trinectes","Trinectes maculatus","Hogchoker","Trinectes maculatus (Hogchoker)"
"ASV_69_a","Eukaryota","Chordata","Actinopteri","Tetraodontiformes","Diodontidae","Chilomycterus","Chilomycterus schoepfii","Striped burrfish","Chilomycterus schoepfii (Striped burrfish)"
"ASV_72_a","Eukaryota","Chordata","Actinopteri","Anguilliformes","Congridae","Conger","Conger oceanicus","American conger","Conger oceanicus (American conger)"
"ASV_73_a","Eukaryota","Chordata","Actinopteri","Mugiliformes","Mugilidae","Mugil","Mugil curema","White mullet","Mugil curema (White mullet)"
"ASV_85_a","Eukaryota","Chordata","Actinopteri","Anguilliformes","Ophichthidae","Myrophis","Myrophis punctatus","Speckled worm eel","Myrophis punctatus (Speckled worm eel)"
"ASV_89_a","Eukaryota","Chordata","Actinopteri","Clupeiformes","Engraulidae","Engraulis","Engraulis mordax","Bay anchovy","Engraulis mordax (Bay anchovy)"
"ASV_104_a","Eukaryota","Chordata","Actinopteri","Pleuronectiformes","Pleuronectidae","Pseudopleuronectes","Pseudopleuronectes americanus","Winter flounder","Pseudopleuronectes americanus (Winter flounder)"
"ASV_110_a","Eukaryota","Chordata","Actinopteri","Mugiliformes","Mugilidae","Mugil","Mugil cephalus","Flathead grey mullet","Mugil cephalus (Flathead grey mullet)"
"ASV_158_a","Eukaryota","Chordata","Actinopteri","Perciformes","Gasterosteidae","Apeltes","Apeltes quadracus","Stickleback","Apeltes quadracus (Stickleback)"
"ASV_326_a","Eukaryota","Chordata","Actinopteri","Pleuronectiformes","Paralichthyidae","Unknown Paralichthyidae (Family)","Unknown Paralichthyidae (Family)","Large-tooth flounders","Paralichthyidae (Large-tooth flounders)"
"ASV_2_b","Eukaryota","Chordata","Actinopteri","Atheriniformes","Atherinopsidae","Menidia","Menidia menidia","Atlantic silverside","Menidia menidia (Atlantic silverside)"
"ASV_3_b","Eukaryota","Chordata","Actinopteri","Clupeiformes","Engraulidae","Anchoa","Anchoa mitchilli","Bay anchovy","Anchoa mitchilli (Bay anchovy)"
"ASV_4_b","Eukaryota","Chordata","Actinopteri","Tetraodontiformes","Monacanthidae","Aluterus","Aluterus schoepfii","Orange filefish","Aluterus schoepfii (Orange filefish)"
"ASV_5_b","Eukaryota","Chordata","Actinopteri","Labriformes","Labridae","Tautoga","Tautoga onitis","Tautog","Tautoga onitis (Tautog)"
"ASV_8_b","Eukaryota","Chordata","Actinopteri","Moronidae__o","Moronidae","Morone","Morone saxatilis","Striped bass","Morone saxatilis (Striped bass)"
"ASV_10_b","Eukaryota","Chordata","Actinopteri","Syngnathiformes","Syngnathidae","Syngnathus","Syngnathus fuscus","Northern pipefish","Syngnathus fuscus (Northern pipefish)"
"ASV_17_b","Eukaryota","Chordata","Actinopteri","Scombriformes","Stromateidae","Peprilus","Unknown Peprilus (Genus)","Peprilus","Peprilus"
"ASV_20_b","Eukaryota","Chordata","Actinopteri","Labriformes","Labridae","Tautogolabrus","Tautogolabrus adspersus","Cunner","Tautogolabrus adspersus (Cunner)"
"ASV_21_b","Eukaryota","Chordata","Actinopteri","Spariformes","Sparidae","Stenotomus","Stenotomus chrysops","Scup","Stenotomus chrysops (Scup)"
"ASV_22_b","Eukaryota","Chordata","Actinopteri","Clupeiformes","Clupeidae","Alosa","Alosa mediocris","Hickory shad","Alosa mediocris (Hickory shad)"
"ASV_25_b","Eukaryota","Chordata","Actinopteri","Acanthuriformes","Acanthuridae","Zebrasoma","Zebrasoma velifer","Sailfin tang","Zebrasoma velifer (Sailfin tang)"
"ASV_29_b","Eukaryota","Chordata","Actinopteri","Anguilliformes","Ophichthidae","Ophichthus","Ophichthus gomesii","Shrimp eel","Ophichthus gomesii (Shrimp eel)"
"ASV_34_b","Eukaryota","Chordata","Actinopteri","Labriformes","Labridae","Coris","Coris gaimard","Yellowtail coris","Coris gaimard (Yellowtail coris)"
"ASV_35_b","Eukaryota","Chordata","Actinopteri","Pomacanthidae__o","Pomacanthidae","Centropyge","Centropyge interrupta","Japanese angelfish","Centropyge interrupta (Japanese angelfish)"
"ASV_40_b","Eukaryota","Chordata","Actinopteri","Chaetodontiformes","Chaetodontidae","Chaetodon","Chaetodon ocellatus","Spotfin butterflyfish","Chaetodon ocellatus (Spotfin butterflyfish)"
"ASV_44_b","Eukaryota","Chordata","Actinopteri","Scombriformes","Scombridae","Thunnus","Thunnus obesus","Bigeye tuna","Thunnus obesus (Bigeye tuna)"
"ASV_52_b","Eukaryota","Chordata","Actinopteri","Sphyraenidae__o","Sphyraenidae","Sphyraena","Sphyraena borealis","Northern sennet","Sphyraena borealis (Northern sennet)"
"ASV_54_b","Eukaryota","Chordata","Actinopteri","Scombriformes","Stromateidae","Peprilus","Peprilus triacanthus","American butterfish","Peprilus triacanthus (American butterfish)"
"ASV_59_b","Eukaryota","Chordata","Actinopteri","Kurtiformes","Apogonidae","Pterapogon","Pterapogon kauderni","Banggai cardinalfish","Pterapogon kauderni (Banggai cardinalfish)"
"ASV_61_b","Eukaryota","Chordata","Actinopteri","Clupeiformes","Engraulidae","Anchoa","Unknown Anchoa (Genus)","Anchovies (Anchoa)","Anchoa sp. (Anchovies)"
"ASV_62_b","Eukaryota","Chordata","Actinopteri","Pleuronectiformes","Cyclopsettidae","Etropus","Etropus microstomus","Smallmouth flounder","Etropus microstomus (Smallmouth flounder)"
"ASV_63_b","Eukaryota","Chordata","Actinopteri","Chaetodontiformes","Chaetodontidae","Forcipiger","Forcipiger flavissimus","Forceps fish","Forcipiger flavissimus (Forceps fish)"
"ASV_65_b","Eukaryota","Chordata","Actinopteri","Uranoscopiformes","Ammodytidae","Ammodytes","Ammodytes tobianus","Lesser sand eel","Ammodytes tobianus (Lesser sand eel)"
"ASV_73_b","Eukaryota","Chordata","Actinopteri","Carangiformes","Carangidae","Selar","Selar crumenophthalmus","Bigeye scad","Selar crumenophthalmus (Bigeye scad)"
"ASV_125_b","Eukaryota","Chordata","Actinopteri","Clupeiformes","Clupeidae","Clupea","Clupea harengus","Atlantic herring","Clupea harengus (Atlantic herring)"
"ASV_138_b","Eukaryota","Chordata","Actinopteri","Tetraodontiformes","Balistidae","Xanthichthys","Unknown Xanthichthys (Genus)","Triggerfishes","Xanthichthys (Triggerfishes)"
"ASV_179_b","Eukaryota","Chordata","Actinopteri","Syngnathiformes","Syngnathidae","Hippocampus","Hippocampus erectus","Lined seahorse","Hippocampus erectus (Lined seahorse)"
"ASV_236_b","Eukaryota","Chordata","Actinopteri","Ophidiiformes","Ophidiidae","Ophidion","Ophidion marginatum","Striped cusk-eel","Ophidion marginatum (Striped cusk-eel)"
"ASV_409_b","Eukaryota","Chordata","Actinopteri","Cypriniformes","Leuciscidae","Unknown Leuciscidae (Family)","Unknown Leuciscidae (Family)","Minnows","Leuciscidae (Minnows)"
"ASV_529_b","Eukaryota","Chordata","Actinopteri","Scombriformes","Nomeidae","Unknown Nomeidae (Family)","Unknown Nomeidae (Family)","Driftfishes","Nomeidae (Driftfishes)"
"ASV_913_b","Eukaryota","Chordata","Actinopteri","Scombriformes","Stromateidae","Peprilus","Peprilus burti","Gulf butterfish","Peprilus burti (Gulf butterfish)"
